Year,Region,Party,Alignment,Votes %,Votes N
1994,Netherlands,VVD,Centre-Right,19.93,1787293
1994,Netherlands,PvdA,Centre-Left,23.99,2151589
1994,Netherlands,PVV,Right-Wing,NA,NA
1994,Netherlands,SP,Left-Wing,1.32,118732
1994,Netherlands,CDA,Centre,22.24,1994479
1994,Netherlands,D66,Centre,15.49,1389242
1994,Netherlands,CU,Centre,NA,NA
1994,Netherlands,GL,Left-Wing,3.46,310629
1994,Netherlands,SGP,Right-Wing,1.73,155193
1994,Netherlands,PvdD,Left-Wing,NA,NA
1994,Netherlands,50PLUS,Centre,NA,NA
1998,Netherlands,VVD,Centre-Right,24.69,2124971
1998,Netherlands,PvdA,Centre-Left,28.98,2494555
1998,Netherlands,PVV,Right-Wing,NA,NA
1998,Netherlands,SP,Left-Wing,3.53,303703
1998,Netherlands,CDA,Centre,18.37,1581053
1998,Netherlands,D66,Centre,8.99,773497
1998,Netherlands,CU,Centre,NA,NA
1998,Netherlands,GL,Left-Wing,7.27,625968
1998,Netherlands,SGP,Right-Wing,1.78,153583
1998,Netherlands,PvdD,Left-Wing,NA,NA
1998,Netherlands,50PLUS,Centre,NA,NA
2002,Netherlands,VVD,Centre-Right,15.44,1466722
2002,Netherlands,PvdA,Centre-Left,15.11,1436023
2002,Netherlands,PVV,Right-Wing,NA,NA
2002,Netherlands,SP,Left-Wing,5.9,560447
2002,Netherlands,CDA,Centre,27.93,2653723
2002,Netherlands,D66,Centre,5.1,484317
2002,Netherlands,CU,Centre,2.54,240953
2002,Netherlands,GL,Left-Wing,6.95,660692
2002,Netherlands,SGP,Right-Wing,1.72,163562
2002,Netherlands,PvdD,Left-Wing,NA,NA
2002,Netherlands,50PLUS,Centre,NA,NA
2003,Netherlands,VVD,Centre-Right,17.91,1728697
2003,Netherlands,PvdA,Centre-Left,27.26,2631363
2003,Netherlands,PVV,Right-Wing,NA,NA
2003,Netherlands,SP,Left-Wing,6.32,609723
2003,Netherlands,CDA,Centre,28.62,2763480
2003,Netherlands,D66,Centre,4.07,393333
2003,Netherlands,CU,Centre,2.12,204694
2003,Netherlands,GL,Left-Wing,5.14,495802
2003,Netherlands,SGP,Right-Wing,1.56,150305
2003,Netherlands,PvdD,Left-Wing,0.49,47754
2003,Netherlands,50PLUS,Centre,NA,NA
2006,Netherlands,VVD,Centre-Right,14.67,1443312
2006,Netherlands,PvdA,Centre-Left,21.19,2085077
2006,Netherlands,PVV,Right-Wing,5.89,579490
2006,Netherlands,SP,Left-Wing,16.58,1630803
2006,Netherlands,CDA,Centre,26.51,2608573
2006,Netherlands,D66,Centre,1.96,193232
2006,Netherlands,CU,Centre,3.97,390969
2006,Netherlands,GL,Left-Wing,4.6,453054
2006,Netherlands,SGP,Right-Wing,1.56,153266
2006,Netherlands,PvdD,Left-Wing,1.83,179988
2006,Netherlands,50PLUS,Centre,NA,NA
2010,Netherlands,VVD,Centre-Right,20.49,1929575
2010,Netherlands,PvdA,Centre-Left,19.63,1848805
2010,Netherlands,PVV,Right-Wing,15.45,1454493
2010,Netherlands,SP,Left-Wing,9.82,924696
2010,Netherlands,CDA,Centre,13.61,1281886
2010,Netherlands,D66,Centre,6.95,654167
2010,Netherlands,CU,Centre,3.24,305094
2010,Netherlands,GL,Left-Wing,6.67,628096
2010,Netherlands,SGP,Right-Wing,1.74,163581
2010,Netherlands,PvdD,Left-Wing,1.3,122317
2010,Netherlands,50PLUS,Centre,NA,NA
2012,Netherlands,VVD,Centre-Right,26.58,2504948
2012,Netherlands,PvdA,Centre-Left,24.84,2340750
2012,Netherlands,PVV,Right-Wing,10.08,950263
2012,Netherlands,SP,Left-Wing,9.65,909853
2012,Netherlands,CDA,Centre,8.51,801620
2012,Netherlands,D66,Centre,8.03,757091
2012,Netherlands,CU,Centre,3.13,294586
2012,Netherlands,GL,Left-Wing,2.33,219896
2012,Netherlands,SGP,Right-Wing,2.09,196780
2012,Netherlands,PvdD,Left-Wing,1.93,182162
2012,Netherlands,50PLUS,Centre,1.88,177631
1994,Groningen,VVD,Centre-Right,14.21,49268
1994,Groningen,PvdA,Centre-Left,34.83,120763
1994,Groningen,PVV,Right-Wing,NA,NA
1994,Groningen,SP,Left-Wing,1.7,5883
1994,Groningen,CDA,Centre,17.33,60082
1994,Groningen,D66,Centre,14.06,48747
1994,Groningen,CU,Centre,NA,NA
1994,Groningen,GL,Left-Wing,4.51,15651
1994,Groningen,SGP,Right-Wing,0.18,640
1994,Groningen,PvdD,Left-Wing,NA,NA
1994,Groningen,50PLUS,Centre,NA,NA
1998,Groningen,VVD,Centre-Right,16.41,53555
1998,Groningen,PvdA,Centre-Left,37.06,120972
1998,Groningen,PVV,Right-Wing,NA,NA
1998,Groningen,SP,Left-Wing,4.3,14034
1998,Groningen,CDA,Centre,16.03,52341
1998,Groningen,D66,Centre,8.59,28037
1998,Groningen,CU,Centre,NA,NA
1998,Groningen,GL,Left-Wing,8.08,26369
1998,Groningen,SGP,Right-Wing,0.2,641
1998,Groningen,PvdD,Left-Wing,NA,NA
1998,Groningen,50PLUS,Centre,NA,NA
2002,Groningen,VVD,Centre-Right,12.79,44471
2002,Groningen,PvdA,Centre-Left,23.91,83174
2002,Groningen,PVV,Right-Wing,NA,NA
2002,Groningen,SP,Left-Wing,6.88,23923
2002,Groningen,CDA,Centre,22.2,77221
2002,Groningen,D66,Centre,5.24,18220
2002,Groningen,CU,Centre,5.52,19192
2002,Groningen,GL,Left-Wing,8.95,31120
2002,Groningen,SGP,Right-Wing,0.39,1341
2002,Groningen,PvdD,Left-Wing,NA,NA
2002,Groningen,50PLUS,Centre,NA,NA
2003,Groningen,VVD,Centre-Right,13.03,47194
2003,Groningen,PvdA,Centre-Left,39.58,143333
2003,Groningen,PVV,Right-Wing,NA,NA
2003,Groningen,SP,Left-Wing,7.26,26299
2003,Groningen,CDA,Centre,20.59,74555
2003,Groningen,D66,Centre,3.89,14100
2003,Groningen,CU,Centre,4.73,17126
2003,Groningen,GL,Left-Wing,6.02,21804
2003,Groningen,SGP,Right-Wing,0.31,1106
2003,Groningen,PvdD,Left-Wing,0.45,1620
2003,Groningen,50PLUS,Centre,NA,NA
2006,Groningen,VVD,Centre-Right,10.87,39476
2006,Groningen,PvdA,Centre-Left,31.03,112694
2006,Groningen,PVV,Right-Wing,3.17,11527
2006,Groningen,SP,Left-Wing,19.19,69678
2006,Groningen,CDA,Centre,18.28,66396
2006,Groningen,D66,Centre,1.86,6746
2006,Groningen,CU,Centre,7.01,25459
2006,Groningen,GL,Left-Wing,5.89,21372
2006,Groningen,SGP,Right-Wing,0.33,1201
2006,Groningen,PvdD,Left-Wing,1.63,5930
2006,Groningen,50PLUS,Centre,NA,NA
2010,Groningen,VVD,Centre-Right,14.45,49041
2010,Groningen,PvdA,Centre-Left,27.6,93631
2010,Groningen,PVV,Right-Wing,11.36,38559
2010,Groningen,SP,Left-Wing,11.66,39569
2010,Groningen,CDA,Centre,11.11,37688
2010,Groningen,D66,Centre,6.47,21952
2010,Groningen,CU,Centre,6.11,20743
2010,Groningen,GL,Left-Wing,8.34,28297
2010,Groningen,SGP,Right-Wing,0.5,1706
2010,Groningen,PvdD,Left-Wing,1.46,4960
2010,Groningen,50PLUS,Centre,NA,NA
2012,Groningen,VVD,Centre-Right,17.15,58715
2012,Groningen,PvdA,Centre-Left,35.32,120926
2012,Groningen,PVV,Right-Wing,7.11,24362
2012,Groningen,SP,Left-Wing,11.69,40015
2012,Groningen,CDA,Centre,7.7,26354
2012,Groningen,D66,Centre,7.57,25932
2012,Groningen,CU,Centre,5.8,19860
2012,Groningen,GL,Left-Wing,2.8,9577
2012,Groningen,SGP,Right-Wing,0.75,2568
2012,Groningen,PvdD,Left-Wing,1.99,6804
2012,Groningen,50PLUS,Centre,1.15,3938
1994,Friesland,VVD,Centre-Right,14.23,53699
1994,Friesland,PvdA,Centre-Left,31.57,119135
1994,Friesland,PVV,Right-Wing,NA,NA
1994,Friesland,SP,Left-Wing,0.57,2139
1994,Friesland,CDA,Centre,27.46,103625
1994,Friesland,D66,Centre,12.46,47028
1994,Friesland,CU,Centre,NA,NA
1994,Friesland,GL,Left-Wing,3.04,11478
1994,Friesland,SGP,Right-Wing,0.58,2187
1994,Friesland,PvdD,Left-Wing,NA,NA
1994,Friesland,50PLUS,Centre,NA,NA
1998,Friesland,VVD,Centre-Right,16.36,59515
1998,Friesland,PvdA,Centre-Left,33.62,122277
1998,Friesland,PVV,Right-Wing,NA,NA
1998,Friesland,SP,Left-Wing,3.23,11753
1998,Friesland,CDA,Centre,26.44,96174
1998,Friesland,D66,Centre,7.05,25631
1998,Friesland,CU,Centre,NA,NA
1998,Friesland,GL,Left-Wing,6.79,24683
1998,Friesland,SGP,Right-Wing,0.52,1876
1998,Friesland,PvdD,Left-Wing,NA,NA
1998,Friesland,50PLUS,Centre,NA,NA
2002,Friesland,VVD,Centre-Right,12.34,48519
2002,Friesland,PvdA,Centre-Left,19.66,77335
2002,Friesland,PVV,Right-Wing,NA,NA
2002,Friesland,SP,Left-Wing,5.58,21926
2002,Friesland,CDA,Centre,33.15,130364
2002,Friesland,D66,Centre,4.2,16507
2002,Friesland,CU,Centre,3.68,14473
2002,Friesland,GL,Left-Wing,6.61,26010
2002,Friesland,SGP,Right-Wing,0.57,2235
2002,Friesland,PvdD,Left-Wing,NA,NA
2002,Friesland,50PLUS,Centre,NA,NA
2003,Friesland,VVD,Centre-Right,12.62,50889
2003,Friesland,PvdA,Centre-Left,33.46,134887
2003,Friesland,PVV,Right-Wing,NA,NA
2003,Friesland,SP,Left-Wing,6.04,24356
2003,Friesland,CDA,Centre,32.04,129190
2003,Friesland,D66,Centre,2.77,11184
2003,Friesland,CU,Centre,3.21,12946
2003,Friesland,GL,Left-Wing,4.45,17951
2003,Friesland,SGP,Right-Wing,0.45,1819
2003,Friesland,PvdD,Left-Wing,0.38,1525
2003,Friesland,50PLUS,Centre,NA,NA
2006,Friesland,VVD,Centre-Right,10.58,42939
2006,Friesland,PvdA,Centre-Left,27.52,111627
2006,Friesland,PVV,Right-Wing,3.26,13244
2006,Friesland,SP,Left-Wing,17.07,69257
2006,Friesland,CDA,Centre,28.14,114152
2006,Friesland,D66,Centre,1.06,4302
2006,Friesland,CU,Centre,6.11,24790
2006,Friesland,GL,Left-Wing,3.78,15340
2006,Friesland,SGP,Right-Wing,0.44,1781
2006,Friesland,PvdD,Left-Wing,1.32,5373
2006,Friesland,50PLUS,Centre,NA,NA
2010,Friesland,VVD,Centre-Right,15.48,59139
2010,Friesland,PvdA,Centre-Left,24.8,94728
2010,Friesland,PVV,Right-Wing,11.37,43416
2010,Friesland,SP,Left-Wing,11.49,43868
2010,Friesland,CDA,Centre,18.17,69394
2010,Friesland,D66,Centre,4.72,18025
2010,Friesland,CU,Centre,5.11,19507
2010,Friesland,GL,Left-Wing,6.25,23866
2010,Friesland,SGP,Right-Wing,0.57,2195
2010,Friesland,PvdD,Left-Wing,1.09,4151
2010,Friesland,50PLUS,Centre,NA,NA
2012,Friesland,VVD,Centre-Right,19.89,76273
2012,Friesland,PvdA,Centre-Left,33.12,126995
2012,Friesland,PVV,Right-Wing,7.32,28071
2012,Friesland,SP,Left-Wing,9.55,36602
2012,Friesland,CDA,Centre,13.82,53004
2012,Friesland,D66,Centre,5.14,19690
2012,Friesland,CU,Centre,4.87,18673
2012,Friesland,GL,Left-Wing,1.74,6660
2012,Friesland,SGP,Right-Wing,0.9,3455
2012,Friesland,PvdD,Left-Wing,1.57,6006
2012,Friesland,50PLUS,Centre,1.15,4392
1994,Drenthe,VVD,Centre-Right,18.25,51894
1994,Drenthe,PvdA,Centre-Left,34.51,98157
1994,Drenthe,PVV,Right-Wing,NA,NA
1994,Drenthe,SP,Left-Wing,0.97,2745
1994,Drenthe,CDA,Centre,19.81,56353
1994,Drenthe,D66,Centre,13.93,39612
1994,Drenthe,CU,Centre,NA,NA
1994,Drenthe,GL,Left-Wing,2.49,7071
1994,Drenthe,SGP,Right-Wing,0.24,687
1994,Drenthe,PvdD,Left-Wing,NA,NA
1994,Drenthe,50PLUS,Centre,NA,NA
1998,Drenthe,VVD,Centre-Right,21.62,58988
1998,Drenthe,PvdA,Centre-Left,37.3,101773
1998,Drenthe,PVV,Right-Wing,NA,NA
1998,Drenthe,SP,Left-Wing,2.87,7841
1998,Drenthe,CDA,Centre,17.92,48899
1998,Drenthe,D66,Centre,8.08,22051
1998,Drenthe,CU,Centre,NA,NA
1998,Drenthe,GL,Left-Wing,5.59,15257
1998,Drenthe,SGP,Right-Wing,0.25,675
1998,Drenthe,PvdD,Left-Wing,NA,NA
1998,Drenthe,50PLUS,Centre,NA,NA
2002,Drenthe,VVD,Centre-Right,16.14,47094
2002,Drenthe,PvdA,Centre-Left,23.79,69411
2002,Drenthe,PVV,Right-Wing,NA,NA
2002,Drenthe,SP,Left-Wing,5.01,14625
2002,Drenthe,CDA,Centre,25.99,75827
2002,Drenthe,D66,Centre,4.81,14037
2002,Drenthe,CU,Centre,3.44,10043
2002,Drenthe,GL,Left-Wing,6.18,18029
2002,Drenthe,SGP,Right-Wing,0.38,1119
2002,Drenthe,PvdD,Left-Wing,NA,NA
2002,Drenthe,50PLUS,Centre,NA,NA
2003,Drenthe,VVD,Centre-Right,16.81,51010
2003,Drenthe,PvdA,Centre-Left,37.82,114759
2003,Drenthe,PVV,Right-Wing,NA,NA
2003,Drenthe,SP,Left-Wing,5.07,15377
2003,Drenthe,CDA,Centre,24.81,75297
2003,Drenthe,D66,Centre,3.4,10312
2003,Drenthe,CU,Centre,2.88,8726
2003,Drenthe,GL,Left-Wing,4.13,12538
2003,Drenthe,SGP,Right-Wing,0.28,864
2003,Drenthe,PvdD,Left-Wing,0.36,1107
2003,Drenthe,50PLUS,Centre,NA,NA
2006,Drenthe,VVD,Centre-Right,14.33,44351
2006,Drenthe,PvdA,Centre-Left,30.73,95120
2006,Drenthe,PVV,Right-Wing,3.96,12248
2006,Drenthe,SP,Left-Wing,15.89,49193
2006,Drenthe,CDA,Centre,22.51,69694
2006,Drenthe,D66,Centre,1.27,3947
2006,Drenthe,CU,Centre,5.12,15840
2006,Drenthe,GL,Left-Wing,3.79,11739
2006,Drenthe,SGP,Right-Wing,0.34,1047
2006,Drenthe,PvdD,Left-Wing,1.41,4373
2006,Drenthe,50PLUS,Centre,NA,NA
2010,Drenthe,VVD,Centre-Right,19.19,55630
2010,Drenthe,PvdA,Centre-Left,26.17,75850
2010,Drenthe,PVV,Right-Wing,13.04,37807
2010,Drenthe,SP,Left-Wing,9.8,28400
2010,Drenthe,CDA,Centre,13.83,40079
2010,Drenthe,D66,Centre,5.19,15036
2010,Drenthe,CU,Centre,4.32,12523
2010,Drenthe,GL,Left-Wing,5.86,16992
2010,Drenthe,SGP,Right-Wing,0.46,1340
2010,Drenthe,PvdD,Left-Wing,1.09,3162
2010,Drenthe,50PLUS,Centre,NA,NA
2012,Drenthe,VVD,Centre-Right,23.7,69382
2012,Drenthe,PvdA,Centre-Left,32.77,95938
2012,Drenthe,PVV,Right-Wing,8.27,24212
2012,Drenthe,SP,Left-Wing,9.12,26696
2012,Drenthe,CDA,Centre,9.75,28551
2012,Drenthe,D66,Centre,5.86,17162
2012,Drenthe,CU,Centre,4.24,12410
2012,Drenthe,GL,Left-Wing,1.83,5352
2012,Drenthe,SGP,Right-Wing,0.68,2000
2012,Drenthe,PvdD,Left-Wing,1.5,4389
2012,Drenthe,50PLUS,Centre,1.35,3962
1994,Overijssel,VVD,Centre-Right,15.41,99222
1994,Overijssel,PvdA,Centre-Left,24.17,155579
1994,Overijssel,PVV,Right-Wing,NA,NA
1994,Overijssel,SP,Left-Wing,0.78,4994
1994,Overijssel,CDA,Centre,29.62,190671
1994,Overijssel,D66,Centre,12.94,83312
1994,Overijssel,CU,Centre,NA,NA
1994,Overijssel,GL,Left-Wing,2.54,16330
1994,Overijssel,SGP,Right-Wing,2.15,13818
1994,Overijssel,PvdD,Left-Wing,NA,NA
1994,Overijssel,50PLUS,Centre,NA,NA
1998,Overijssel,VVD,Centre-Right,18.71,116610
1998,Overijssel,PvdA,Centre-Left,29.03,180974
1998,Overijssel,PVV,Right-Wing,NA,NA
1998,Overijssel,SP,Left-Wing,2.56,15966
1998,Overijssel,CDA,Centre,26.74,166671
1998,Overijssel,D66,Centre,6.63,41311
1998,Overijssel,CU,Centre,NA,NA
1998,Overijssel,GL,Left-Wing,5.62,35017
1998,Overijssel,SGP,Right-Wing,2.26,14077
1998,Overijssel,PvdD,Left-Wing,NA,NA
1998,Overijssel,50PLUS,Centre,NA,NA
2002,Overijssel,VVD,Centre-Right,12.11,80424
2002,Overijssel,PvdA,Centre-Left,15.73,104501
2002,Overijssel,PVV,Right-Wing,NA,NA
2002,Overijssel,SP,Left-Wing,4.71,31321
2002,Overijssel,CDA,Centre,36.93,245316
2002,Overijssel,D66,Centre,4.08,27086
2002,Overijssel,CU,Centre,5.21,34606
2002,Overijssel,GL,Left-Wing,5.9,39197
2002,Overijssel,SGP,Right-Wing,2.38,15834
2002,Overijssel,PvdD,Left-Wing,NA,NA
2002,Overijssel,50PLUS,Centre,NA,NA
2003,Overijssel,VVD,Centre-Right,13.49,92231
2003,Overijssel,PvdA,Centre-Left,27.28,186612
2003,Overijssel,PVV,Right-Wing,NA,NA
2003,Overijssel,SP,Left-Wing,4.93,33713
2003,Overijssel,CDA,Centre,36.57,250104
2003,Overijssel,D66,Centre,3.02,20678
2003,Overijssel,CU,Centre,4.36,29833
2003,Overijssel,GL,Left-Wing,4.17,28532
2003,Overijssel,SGP,Right-Wing,2.21,15149
2003,Overijssel,PvdD,Left-Wing,NA,NA
2003,Overijssel,50PLUS,Centre,NA,NA
2006,Overijssel,VVD,Centre-Right,11.08,76650
2006,Overijssel,PvdA,Centre-Left,21.09,145957
2006,Overijssel,PVV,Right-Wing,4.02,27822
2006,Overijssel,SP,Left-Wing,14.82,102546
2006,Overijssel,CDA,Centre,33,228358
2006,Overijssel,D66,Centre,1.62,11238
2006,Overijssel,CU,Centre,6.93,47960
2006,Overijssel,GL,Left-Wing,3.43,23715
2006,Overijssel,SGP,Right-Wing,2.23,15404
2006,Overijssel,PvdD,Left-Wing,1.09,7511
2006,Overijssel,50PLUS,Centre,NA,NA
2010,Overijssel,VVD,Centre-Right,16.85,109685
2010,Overijssel,PvdA,Centre-Left,19.12,124432
2010,Overijssel,PVV,Right-Wing,12.56,81775
2010,Overijssel,SP,Left-Wing,9.29,60448
2010,Overijssel,CDA,Centre,20.38,132669
2010,Overijssel,D66,Centre,5.86,38171
2010,Overijssel,CU,Centre,6.18,40248
2010,Overijssel,GL,Left-Wing,5.36,34887
2010,Overijssel,SGP,Right-Wing,2.51,16337
2010,Overijssel,PvdD,Left-Wing,0.87,5664
2010,Overijssel,50PLUS,Centre,NA,NA
2012,Overijssel,VVD,Centre-Right,23.06,151354
2012,Overijssel,PvdA,Centre-Left,24.66,161862
2012,Overijssel,PVV,Right-Wing,8.14,53434
2012,Overijssel,SP,Left-Wing,9.33,61267
2012,Overijssel,CDA,Centre,13.67,89760
2012,Overijssel,D66,Centre,6.57,43152
2012,Overijssel,CU,Centre,6.16,40419
2012,Overijssel,GL,Left-Wing,1.74,11451
2012,Overijssel,SGP,Right-Wing,3.01,19761
2012,Overijssel,PvdD,Left-Wing,1.3,8534
2012,Overijssel,50PLUS,Centre,1.49,9780
1994,Gelderland,VVD,Centre-Right,18.27,205673
1994,Gelderland,PvdA,Centre-Left,23.81,267997
1994,Gelderland,PVV,Right-Wing,NA,NA
1994,Gelderland,SP,Left-Wing,1.01,11420
1994,Gelderland,CDA,Centre,24.75,278586
1994,Gelderland,D66,Centre,15.27,171850
1994,Gelderland,CU,Centre,NA,NA
1994,Gelderland,GL,Left-Wing,3.31,37244
1994,Gelderland,SGP,Right-Wing,3.17,35647
1994,Gelderland,PvdD,Left-Wing,NA,NA
1994,Gelderland,50PLUS,Centre,NA,NA
1998,Gelderland,VVD,Centre-Right,22.98,249891
1998,Gelderland,PvdA,Centre-Left,29.05,315803
1998,Gelderland,PVV,Right-Wing,NA,NA
1998,Gelderland,SP,Left-Wing,2.87,31164
1998,Gelderland,CDA,Centre,20.44,222216
1998,Gelderland,D66,Centre,8.15,88589
1998,Gelderland,CU,Centre,NA,NA
1998,Gelderland,GL,Left-Wing,6.7,72885
1998,Gelderland,SGP,Right-Wing,3.34,36330
1998,Gelderland,PvdD,Left-Wing,NA,NA
1998,Gelderland,50PLUS,Centre,NA,NA
2002,Gelderland,VVD,Centre-Right,14.79,175614
2002,Gelderland,PvdA,Centre-Left,15.16,180094
2002,Gelderland,PVV,Right-Wing,NA,NA
2002,Gelderland,SP,Left-Wing,5.44,64610
2002,Gelderland,CDA,Centre,30.66,364064
2002,Gelderland,D66,Centre,4.75,56447
2002,Gelderland,CU,Centre,3.08,36518
2002,Gelderland,GL,Left-Wing,7.08,84053
2002,Gelderland,SGP,Right-Wing,3.27,38875
2002,Gelderland,PvdD,Left-Wing,NA,NA
2002,Gelderland,50PLUS,Centre,NA,NA
2003,Gelderland,VVD,Centre-Right,16.47,199875
2003,Gelderland,PvdA,Centre-Left,26.62,323097
2003,Gelderland,PVV,Right-Wing,NA,NA
2003,Gelderland,SP,Left-Wing,5.8,70411
2003,Gelderland,CDA,Centre,31.65,384101
2003,Gelderland,D66,Centre,3.61,43858
2003,Gelderland,CU,Centre,2.52,30535
2003,Gelderland,GL,Left-Wing,5.13,62218
2003,Gelderland,SGP,Right-Wing,2.94,35665
2003,Gelderland,PvdD,Left-Wing,0.41,5002
2003,Gelderland,50PLUS,Centre,NA,NA
2006,Gelderland,VVD,Centre-Right,13.48,165163
2006,Gelderland,PvdA,Centre-Left,20.27,248321
2006,Gelderland,PVV,Right-Wing,4.36,53404
2006,Gelderland,SP,Left-Wing,16.12,197418
2006,Gelderland,CDA,Centre,29.31,359004
2006,Gelderland,D66,Centre,1.81,22140
2006,Gelderland,CU,Centre,4.85,59405
2006,Gelderland,GL,Left-Wing,4.35,53333
2006,Gelderland,SGP,Right-Wing,3.01,36895
2006,Gelderland,PvdD,Left-Wing,1.57,19260
2006,Gelderland,50PLUS,Centre,NA,NA
2010,Gelderland,VVD,Centre-Right,19.44,228168
2010,Gelderland,PvdA,Centre-Left,18.73,219906
2010,Gelderland,PVV,Right-Wing,13.53,158832
2010,Gelderland,SP,Left-Wing,9.68,113636
2010,Gelderland,CDA,Centre,15.66,183827
2010,Gelderland,D66,Centre,6.59,77406
2010,Gelderland,CU,Centre,4.23,49661
2010,Gelderland,GL,Left-Wing,6.61,77558
2010,Gelderland,SGP,Right-Wing,3.4,39872
2010,Gelderland,PvdD,Left-Wing,1.14,13416
2010,Gelderland,50PLUS,Centre,NA,NA
2012,Gelderland,VVD,Centre-Right,25.67,303623
2012,Gelderland,PvdA,Centre-Left,24.29,287328
2012,Gelderland,PVV,Right-Wing,8.55,101133
2012,Gelderland,SP,Left-Wing,9.65,114093
2012,Gelderland,CDA,Centre,9.59,113369
2012,Gelderland,D66,Centre,7.64,90379
2012,Gelderland,CU,Centre,4.1,48447
2012,Gelderland,GL,Left-Wing,2.41,28516
2012,Gelderland,SGP,Right-Wing,4,47269
2012,Gelderland,PvdD,Left-Wing,1.7,20087
2012,Gelderland,50PLUS,Centre,1.61,19039
1994,Flevoland,VVD,Centre-Right,23.57,32584
1994,Flevoland,PvdA,Centre-Left,20.15,27849
1994,Flevoland,PVV,Right-Wing,NA,NA
1994,Flevoland,SP,Left-Wing,1.27,1758
1994,Flevoland,CDA,Centre,17.63,24369
1994,Flevoland,D66,Centre,16.99,23486
1994,Flevoland,CU,Centre,NA,NA
1994,Flevoland,GL,Left-Wing,3.13,4325
1994,Flevoland,SGP,Right-Wing,2.4,3312
1994,Flevoland,PvdD,Left-Wing,NA,NA
1994,Flevoland,50PLUS,Centre,NA,NA
1998,Flevoland,VVD,Centre-Right,29.12,43431
1998,Flevoland,PvdA,Centre-Left,25.84,38531
1998,Flevoland,PVV,Right-Wing,NA,NA
1998,Flevoland,SP,Left-Wing,2.65,3959
1998,Flevoland,CDA,Centre,14.83,22117
1998,Flevoland,D66,Centre,9.02,13451
1998,Flevoland,CU,Centre,NA,NA
1998,Flevoland,GL,Left-Wing,6.6,9845
1998,Flevoland,SGP,Right-Wing,2.32,3456
1998,Flevoland,PvdD,Left-Wing,NA,NA
1998,Flevoland,50PLUS,Centre,NA,NA
2002,Flevoland,VVD,Centre-Right,17.23,32283
2002,Flevoland,PvdA,Centre-Left,13.74,25744
2002,Flevoland,PVV,Right-Wing,NA,NA
2002,Flevoland,SP,Left-Wing,4.78,8946
2002,Flevoland,CDA,Centre,23.62,44251
2002,Flevoland,D66,Centre,4.97,9316
2002,Flevoland,CU,Centre,4.45,8337
2002,Flevoland,GL,Left-Wing,6.75,12643
2002,Flevoland,SGP,Right-Wing,2.25,4219
2002,Flevoland,PvdD,Left-Wing,NA,NA
2002,Flevoland,50PLUS,Centre,NA,NA
2003,Flevoland,VVD,Centre-Right,21.3,40749
2003,Flevoland,PvdA,Centre-Left,25.55,48882
2003,Flevoland,PVV,Right-Wing,NA,NA
2003,Flevoland,SP,Left-Wing,5.37,10279
2003,Flevoland,CDA,Centre,24.7,47260
2003,Flevoland,D66,Centre,4.11,7859
2003,Flevoland,CU,Centre,3.6,6894
2003,Flevoland,GL,Left-Wing,4.81,9198
2003,Flevoland,SGP,Right-Wing,2.12,4057
2003,Flevoland,PvdD,Left-Wing,0.54,1038
2003,Flevoland,50PLUS,Centre,NA,NA
2006,Flevoland,VVD,Centre-Right,16.81,34541
2006,Flevoland,PvdA,Centre-Left,20.83,42791
2006,Flevoland,PVV,Right-Wing,6.75,13866
2006,Flevoland,SP,Left-Wing,15.11,31046
2006,Flevoland,CDA,Centre,23.76,48811
2006,Flevoland,D66,Centre,1.55,3188
2006,Flevoland,CU,Centre,5.91,12133
2006,Flevoland,GL,Left-Wing,3.72,7649
2006,Flevoland,SGP,Right-Wing,2.12,4356
2006,Flevoland,PvdD,Left-Wing,2.1,4304
2006,Flevoland,50PLUS,Centre,NA,NA
2010,Flevoland,VVD,Centre-Right,24.46,49468
2010,Flevoland,PvdA,Centre-Left,18.97,38358
2010,Flevoland,PVV,Right-Wing,16.23,32825
2010,Flevoland,SP,Left-Wing,8.55,17295
2010,Flevoland,CDA,Centre,10.6,21433
2010,Flevoland,D66,Centre,5.46,11039
2010,Flevoland,CU,Centre,4.89,9884
2010,Flevoland,GL,Left-Wing,5.61,11345
2010,Flevoland,SGP,Right-Wing,2.47,4993
2010,Flevoland,PvdD,Left-Wing,1.36,2747
2010,Flevoland,50PLUS,Centre,NA,NA
2012,Flevoland,VVD,Centre-Right,28.67,58525
2012,Flevoland,PvdA,Centre-Left,23.28,47514
2012,Flevoland,PVV,Right-Wing,12.41,25319
2012,Flevoland,SP,Left-Wing,8.28,16896
2012,Flevoland,CDA,Centre,6.43,13132
2012,Flevoland,D66,Centre,5.79,11825
2012,Flevoland,CU,Centre,4.65,9484
2012,Flevoland,GL,Left-Wing,1.67,3408
2012,Flevoland,SGP,Right-Wing,3.55,7246
2012,Flevoland,PvdD,Left-Wing,1.98,4034
2012,Flevoland,50PLUS,Centre,2.12,4323
1994,Utrecht,VVD,Centre-Right,23.23,147063
1994,Utrecht,PvdA,Centre-Left,19.15,121184
1994,Utrecht,PVV,Right-Wing,NA,NA
1994,Utrecht,SP,Left-Wing,0.9,5703
1994,Utrecht,CDA,Centre,20.57,130232
1994,Utrecht,D66,Centre,16.93,107188
1994,Utrecht,CU,Centre,NA,NA
1994,Utrecht,GL,Left-Wing,4.69,29716
1994,Utrecht,SGP,Right-Wing,2.3,14558
1994,Utrecht,PvdD,Left-Wing,NA,NA
1994,Utrecht,50PLUS,Centre,NA,NA
1998,Utrecht,VVD,Centre-Right,27.72,171996
1998,Utrecht,PvdA,Centre-Left,23.57,146240
1998,Utrecht,PVV,Right-Wing,NA,NA
1998,Utrecht,SP,Left-Wing,2.55,15824
1998,Utrecht,CDA,Centre,15.96,99056
1998,Utrecht,D66,Centre,11.39,70669
1998,Utrecht,CU,Centre,NA,NA
1998,Utrecht,GL,Left-Wing,8.6,53365
1998,Utrecht,SGP,Right-Wing,2.39,14860
1998,Utrecht,PvdD,Left-Wing,NA,NA
1998,Utrecht,50PLUS,Centre,NA,NA
2002,Utrecht,VVD,Centre-Right,17.42,121233
2002,Utrecht,PvdA,Centre-Left,13.15,91502
2002,Utrecht,PVV,Right-Wing,NA,NA
2002,Utrecht,SP,Left-Wing,5.96,41450
2002,Utrecht,CDA,Centre,25.88,180113
2002,Utrecht,D66,Centre,5.93,41278
2002,Utrecht,CU,Centre,3.68,25587
2002,Utrecht,GL,Left-Wing,8.44,58769
2002,Utrecht,SGP,Right-Wing,2.28,15887
2002,Utrecht,PvdD,Left-Wing,NA,NA
2002,Utrecht,50PLUS,Centre,NA,NA
2003,Utrecht,VVD,Centre-Right,20.36,143796
2003,Utrecht,PvdA,Centre-Left,23.51,166116
2003,Utrecht,PVV,Right-Wing,NA,NA
2003,Utrecht,SP,Left-Wing,5.9,41712
2003,Utrecht,CDA,Centre,27.26,192546
2003,Utrecht,D66,Centre,5.19,36698
2003,Utrecht,CU,Centre,3.09,21834
2003,Utrecht,GL,Left-Wing,6.69,47283
2003,Utrecht,SGP,Right-Wing,2.05,14448
2003,Utrecht,PvdD,Left-Wing,0.45,3205
2003,Utrecht,50PLUS,Centre,NA,NA
2006,Utrecht,VVD,Centre-Right,16.72,122056
2006,Utrecht,PvdA,Centre-Left,18.66,136215
2006,Utrecht,PVV,Right-Wing,5.07,36988
2006,Utrecht,SP,Left-Wing,13.24,96617
2006,Utrecht,CDA,Centre,26.76,195358
2006,Utrecht,D66,Centre,2.71,19746
2006,Utrecht,CU,Centre,5.52,40283
2006,Utrecht,GL,Left-Wing,6.47,47224
2006,Utrecht,SGP,Right-Wing,1.99,14497
2006,Utrecht,PvdD,Left-Wing,1.86,13567
2006,Utrecht,50PLUS,Centre,NA,NA
2010,Utrecht,VVD,Centre-Right,23.22,167652
2010,Utrecht,PvdA,Centre-Left,18.1,130668
2010,Utrecht,PVV,Right-Wing,12.52,90392
2010,Utrecht,SP,Left-Wing,7.11,51312
2010,Utrecht,CDA,Centre,11.99,86569
2010,Utrecht,D66,Centre,9.25,66745
2010,Utrecht,CU,Centre,4.58,33099
2010,Utrecht,GL,Left-Wing,8.85,63903
2010,Utrecht,SGP,Right-Wing,2.21,15925
2010,Utrecht,PvdD,Left-Wing,1.21,8753
2010,Utrecht,50PLUS,Centre,NA,NA
2012,Utrecht,VVD,Centre-Right,29.62,214681
2012,Utrecht,PvdA,Centre-Left,22.51,163201
2012,Utrecht,PVV,Right-Wing,7.9,57301
2012,Utrecht,SP,Left-Wing,6.56,47587
2012,Utrecht,CDA,Centre,7.42,53756
2012,Utrecht,D66,Centre,10.88,78857
2012,Utrecht,CU,Centre,4.44,32162
2012,Utrecht,GL,Left-Wing,3.58,25964
2012,Utrecht,SGP,Right-Wing,2.68,19441
2012,Utrecht,PvdD,Left-Wing,1.93,13998
2012,Utrecht,50PLUS,Centre,1.61,11638
1994,Noord-Holland,VVD,Centre-Right,24.51,342020
1994,Noord-Holland,PvdA,Centre-Left,24.87,347060
1994,Noord-Holland,PVV,Right-Wing,NA,NA
1994,Noord-Holland,SP,Left-Wing,0.86,12028
1994,Noord-Holland,CDA,Centre,16.23,226500
1994,Noord-Holland,D66,Centre,17.16,239447
1994,Noord-Holland,CU,Centre,NA,NA
1994,Noord-Holland,GL,Left-Wing,4.92,68724
1994,Noord-Holland,SGP,Right-Wing,0.29,3986
1994,Noord-Holland,PvdD,Left-Wing,NA,NA
1994,Noord-Holland,50PLUS,Centre,NA,NA
1998,Noord-Holland,VVD,Centre-Right,29.19,391465
1998,Noord-Holland,PvdA,Centre-Left,28.39,380784
1998,Noord-Holland,PVV,Right-Wing,NA,NA
1998,Noord-Holland,SP,Left-Wing,3.08,41300
1998,Noord-Holland,CDA,Centre,12.48,167378
1998,Noord-Holland,D66,Centre,11.53,154610
1998,Noord-Holland,CU,Centre,NA,NA
1998,Noord-Holland,GL,Left-Wing,9.73,130442
1998,Noord-Holland,SGP,Right-Wing,0.26,3445
1998,Noord-Holland,PvdD,Left-Wing,NA,NA
1998,Noord-Holland,50PLUS,Centre,NA,NA
2002,Noord-Holland,VVD,Centre-Right,18.21,271091
2002,Noord-Holland,PvdA,Centre-Left,16.55,246301
2002,Noord-Holland,PVV,Right-Wing,NA,NA
2002,Noord-Holland,SP,Left-Wing,7.34,109213
2002,Noord-Holland,CDA,Centre,20.59,306464
2002,Noord-Holland,D66,Centre,6.48,96393
2002,Noord-Holland,CU,Centre,1.25,18571
2002,Noord-Holland,GL,Left-Wing,8.73,129903
2002,Noord-Holland,SGP,Right-Wing,0.26,3942
2002,Noord-Holland,PvdD,Left-Wing,NA,NA
2002,Noord-Holland,50PLUS,Centre,NA,NA
2003,Noord-Holland,VVD,Centre-Right,21.48,322315
2003,Noord-Holland,PvdA,Centre-Left,28.97,434661
2003,Noord-Holland,PVV,Right-Wing,NA,NA
2003,Noord-Holland,SP,Left-Wing,6.97,104547
2003,Noord-Holland,CDA,Centre,21.14,317221
2003,Noord-Holland,D66,Centre,5.68,85261
2003,Noord-Holland,CU,Centre,1.02,15290
2003,Noord-Holland,GL,Left-Wing,6.92,103864
2003,Noord-Holland,SGP,Right-Wing,0.21,3190
2003,Noord-Holland,PvdD,Left-Wing,0.69,10362
2003,Noord-Holland,50PLUS,Centre,NA,NA
2006,Noord-Holland,VVD,Centre-Right,18.19,278965
2006,Noord-Holland,PvdA,Centre-Left,22.24,341108
2006,Noord-Holland,PVV,Right-Wing,5.54,84949
2006,Noord-Holland,SP,Left-Wing,16.76,257000
2006,Noord-Holland,CDA,Centre,20.98,321802
2006,Noord-Holland,D66,Centre,2.73,41791
2006,Noord-Holland,CU,Centre,2.28,34983
2006,Noord-Holland,GL,Left-Wing,7.01,107484
2006,Noord-Holland,SGP,Right-Wing,0.22,3330
2006,Noord-Holland,PvdD,Left-Wing,2.7,41363
2006,Noord-Holland,50PLUS,Centre,NA,NA
2010,Noord-Holland,VVD,Centre-Right,23.52,349972
2010,Noord-Holland,PvdA,Centre-Left,23.63,351739
2010,Noord-Holland,PVV,Right-Wing,13.55,201629
2010,Noord-Holland,SP,Left-Wing,8.4,125049
2010,Noord-Holland,CDA,Centre,8.96,133339
2010,Noord-Holland,D66,Centre,8.89,132263
2010,Noord-Holland,CU,Centre,1.47,21866
2010,Noord-Holland,GL,Left-Wing,8.57,127605
2010,Noord-Holland,SGP,Right-Wing,0.23,3398
2010,Noord-Holland,PvdD,Left-Wing,1.62,24165
2010,Noord-Holland,50PLUS,Centre,NA,NA
2012,Noord-Holland,VVD,Centre-Right,29.31,437620
2012,Noord-Holland,PvdA,Centre-Left,27.05,403808
2012,Noord-Holland,PVV,Right-Wing,8.7,129822
2012,Noord-Holland,SP,Left-Wing,8.35,124680
2012,Noord-Holland,CDA,Centre,5.59,83458
2012,Noord-Holland,D66,Centre,10.33,154232
2012,Noord-Holland,CU,Centre,1.38,20659
2012,Noord-Holland,GL,Left-Wing,3.12,46519
2012,Noord-Holland,SGP,Right-Wing,0.34,5003
2012,Noord-Holland,PvdD,Left-Wing,2.6,38770
2012,Noord-Holland,50PLUS,Centre,2.16,32276
1994,Zuid-Holland,VVD,Centre-Right,23.26,435542
1994,Zuid-Holland,PvdA,Centre-Left,22.3,417480
1994,Zuid-Holland,PVV,Right-Wing,NA,NA
1994,Zuid-Holland,SP,Left-Wing,1.47,27567
1994,Zuid-Holland,CDA,Centre,18.32,342982
1994,Zuid-Holland,D66,Centre,15.78,295495
1994,Zuid-Holland,CU,Centre,NA,NA
1994,Zuid-Holland,GL,Left-Wing,3.09,57824
1994,Zuid-Holland,SGP,Right-Wing,3,56240
1994,Zuid-Holland,PvdD,Left-Wing,NA,NA
1994,Zuid-Holland,50PLUS,Centre,NA,NA
1998,Zuid-Holland,VVD,Centre-Right,28.03,504368
1998,Zuid-Holland,PvdA,Centre-Left,27.7,498481
1998,Zuid-Holland,PVV,Right-Wing,NA,NA
1998,Zuid-Holland,SP,Left-Wing,3.44,61962
1998,Zuid-Holland,CDA,Centre,14.61,262915
1998,Zuid-Holland,D66,Centre,9.38,168787
1998,Zuid-Holland,CU,Centre,NA,NA
1998,Zuid-Holland,GL,Left-Wing,6.73,121073
1998,Zuid-Holland,SGP,Right-Wing,3.1,55695
1998,Zuid-Holland,PvdD,Left-Wing,NA,NA
1998,Zuid-Holland,50PLUS,Centre,NA,NA
2002,Zuid-Holland,VVD,Centre-Right,15.8,315764
2002,Zuid-Holland,PvdA,Centre-Left,14.3,285859
2002,Zuid-Holland,PVV,Right-Wing,NA,NA
2002,Zuid-Holland,SP,Left-Wing,4.98,99620
2002,Zuid-Holland,CDA,Centre,24,479540
2002,Zuid-Holland,D66,Centre,5.04,100794
2002,Zuid-Holland,CU,Centre,2.67,53313
2002,Zuid-Holland,GL,Left-Wing,5.86,117150
2002,Zuid-Holland,SGP,Right-Wing,2.78,55548
2002,Zuid-Holland,PvdD,Left-Wing,NA,NA
2002,Zuid-Holland,50PLUS,Centre,NA,NA
2003,Zuid-Holland,VVD,Centre-Right,19.78,396277
2003,Zuid-Holland,PvdA,Centre-Left,25.94,519599
2003,Zuid-Holland,PVV,Right-Wing,NA,NA
2003,Zuid-Holland,SP,Left-Wing,5.27,105494
2003,Zuid-Holland,CDA,Centre,24.89,498688
2003,Zuid-Holland,D66,Centre,4.34,87033
2003,Zuid-Holland,CU,Centre,2.22,44552
2003,Zuid-Holland,GL,Left-Wing,4.74,95029
2003,Zuid-Holland,SGP,Right-Wing,2.55,51071
2003,Zuid-Holland,PvdD,Left-Wing,0.64,12724
2003,Zuid-Holland,50PLUS,Centre,NA,NA
2006,Zuid-Holland,VVD,Centre-Right,16.15,329079
2006,Zuid-Holland,PvdA,Centre-Left,20.47,417176
2006,Zuid-Holland,PVV,Right-Wing,7.2,146784
2006,Zuid-Holland,SP,Left-Wing,14.33,291942
2006,Zuid-Holland,CDA,Centre,24.13,491769
2006,Zuid-Holland,D66,Centre,2.33,47566
2006,Zuid-Holland,CU,Centre,4.36,88885
2006,Zuid-Holland,GL,Left-Wing,4.29,87428
2006,Zuid-Holland,SGP,Right-Wing,2.51,51093
2006,Zuid-Holland,PvdD,Left-Wing,2.15,43793
2006,Zuid-Holland,50PLUS,Centre,NA,NA
2010,Zuid-Holland,VVD,Centre-Right,22.45,436436
2010,Zuid-Holland,PvdA,Centre-Left,18.61,361817
2010,Zuid-Holland,PVV,Right-Wing,16.87,328118
2010,Zuid-Holland,SP,Left-Wing,8.18,159076
2010,Zuid-Holland,CDA,Centre,11.19,217532
2010,Zuid-Holland,D66,Centre,7.45,144844
2010,Zuid-Holland,CU,Centre,3.61,70277
2010,Zuid-Holland,GL,Left-Wing,6.38,124051
2010,Zuid-Holland,SGP,Right-Wing,2.74,53247
2010,Zuid-Holland,PvdD,Left-Wing,1.49,28957
2010,Zuid-Holland,50PLUS,Centre,NA,NA
2012,Zuid-Holland,VVD,Centre-Right,28.28,549192
2012,Zuid-Holland,PvdA,Centre-Left,23.46,455530
2012,Zuid-Holland,PVV,Right-Wing,11.58,224956
2012,Zuid-Holland,SP,Left-Wing,7.48,145180
2012,Zuid-Holland,CDA,Centre,6.97,135359
2012,Zuid-Holland,D66,Centre,8.18,158947
2012,Zuid-Holland,CU,Centre,3.47,67451
2012,Zuid-Holland,GL,Left-Wing,2.21,42959
2012,Zuid-Holland,SGP,Right-Wing,3.21,62392
2012,Zuid-Holland,PvdD,Left-Wing,2.23,43307
2012,Zuid-Holland,50PLUS,Centre,1.98,38393
1994,Zeeland,VVD,Centre-Right,18.76,40440
1994,Zeeland,PvdA,Centre-Left,22.4,48282
1994,Zeeland,PVV,Right-Wing,NA,NA
1994,Zeeland,SP,Left-Wing,0.59,1274
1994,Zeeland,CDA,Centre,20.85,44946
1994,Zeeland,D66,Centre,13.52,29146
1994,Zeeland,CU,Centre,NA,NA
1994,Zeeland,GL,Left-Wing,2.36,5081
1994,Zeeland,SGP,Right-Wing,7.87,16963
1994,Zeeland,PvdD,Left-Wing,NA,NA
1994,Zeeland,50PLUS,Centre,NA,NA
1998,Zeeland,VVD,Centre-Right,23.31,47393
1998,Zeeland,PvdA,Centre-Left,27.8,56515
1998,Zeeland,PVV,Right-Wing,NA,NA
1998,Zeeland,SP,Left-Wing,2.77,5640
1998,Zeeland,CDA,Centre,17.21,34982
1998,Zeeland,D66,Centre,6.9,14024
1998,Zeeland,CU,Centre,NA,NA
1998,Zeeland,GL,Left-Wing,5.46,11090
1998,Zeeland,SGP,Right-Wing,8.28,16828
1998,Zeeland,PvdD,Left-Wing,NA,NA
1998,Zeeland,50PLUS,Centre,NA,NA
2002,Zeeland,VVD,Centre-Right,14.02,31471
2002,Zeeland,PvdA,Centre-Left,13.21,29655
2002,Zeeland,PVV,Right-Wing,NA,NA
2002,Zeeland,SP,Left-Wing,4.52,10143
2002,Zeeland,CDA,Centre,29.6,66419
2002,Zeeland,D66,Centre,3.84,8622
2002,Zeeland,CU,Centre,3.67,8237
2002,Zeeland,GL,Left-Wing,5.26,11796
2002,Zeeland,SGP,Right-Wing,8.15,18286
2002,Zeeland,PvdD,Left-Wing,NA,NA
2002,Zeeland,50PLUS,Centre,NA,NA
2003,Zeeland,VVD,Centre-Right,15.66,35528
2003,Zeeland,PvdA,Centre-Left,23.77,53928
2003,Zeeland,PVV,Right-Wing,NA,NA
2003,Zeeland,SP,Left-Wing,5.03,11408
2003,Zeeland,CDA,Centre,31.98,72545
2003,Zeeland,D66,Centre,2.69,6093
2003,Zeeland,CU,Centre,2.93,6643
2003,Zeeland,GL,Left-Wing,3.75,8514
2003,Zeeland,SGP,Right-Wing,7.72,17521
2003,Zeeland,PvdD,Left-Wing,0.56,1274
2003,Zeeland,50PLUS,Centre,NA,NA
2006,Zeeland,VVD,Centre-Right,12.93,29815
2006,Zeeland,PvdA,Centre-Left,18.16,41878
2006,Zeeland,PVV,Right-Wing,5.57,12839
2006,Zeeland,SP,Left-Wing,15.46,35651
2006,Zeeland,CDA,Centre,28.02,64615
2006,Zeeland,D66,Centre,1.08,2490
2006,Zeeland,CU,Centre,5.09,11737
2006,Zeeland,GL,Left-Wing,2.92,6741
2006,Zeeland,SGP,Right-Wing,7.81,18005
2006,Zeeland,PvdD,Left-Wing,1.95,4502
2006,Zeeland,50PLUS,Centre,NA,NA
2010,Zeeland,VVD,Centre-Right,17.51,38738
2010,Zeeland,PvdA,Centre-Left,17.42,38549
2010,Zeeland,PVV,Right-Wing,14.98,33141
2010,Zeeland,SP,Left-Wing,9.22,20393
2010,Zeeland,CDA,Centre,16.31,36085
2010,Zeeland,D66,Centre,4.31,9526
2010,Zeeland,CU,Centre,4.28,9469
2010,Zeeland,GL,Left-Wing,4.83,10698
2010,Zeeland,SGP,Right-Wing,8.58,18990
2010,Zeeland,PvdD,Left-Wing,1.38,3045
2010,Zeeland,50PLUS,Centre,NA,NA
2012,Zeeland,VVD,Centre-Right,24.25,53011
2012,Zeeland,PvdA,Centre-Left,22.65,49520
2012,Zeeland,PVV,Right-Wing,9.97,21785
2012,Zeeland,SP,Left-Wing,9.15,20003
2012,Zeeland,CDA,Centre,9.58,20933
2012,Zeeland,D66,Centre,4.89,10684
2012,Zeeland,CU,Centre,4.2,9190
2012,Zeeland,GL,Left-Wing,1.57,3425
2012,Zeeland,SGP,Right-Wing,9.46,20675
2012,Zeeland,PvdD,Left-Wing,1.76,3847
2012,Zeeland,50PLUS,Centre,1.64,3591
1994,Noord-Brabant,VVD,Centre-Right,18.13,237315
1994,Noord-Brabant,PvdA,Centre-Left,20.98,274599
1994,Noord-Brabant,PVV,Right-Wing,NA,NA
1994,Noord-Brabant,SP,Left-Wing,2.24,29374
1994,Noord-Brabant,CDA,Centre,27.12,355049
1994,Noord-Brabant,D66,Centre,16.27,212945
1994,Noord-Brabant,CU,Centre,NA,NA
1994,Noord-Brabant,GL,Left-Wing,2.83,37054
1994,Noord-Brabant,SGP,Right-Wing,0.49,6353
1994,Noord-Brabant,PvdD,Left-Wing,NA,NA
1994,Noord-Brabant,50PLUS,Centre,NA,NA
1998,Noord-Brabant,VVD,Centre-Right,24.54,302947
1998,Noord-Brabant,PvdA,Centre-Left,28.91,356928
1998,Noord-Brabant,PVV,Right-Wing,NA,NA
1998,Noord-Brabant,SP,Left-Wing,5.27,65077
1998,Noord-Brabant,CDA,Centre,21.52,265677
1998,Noord-Brabant,D66,Centre,8.35,103091
1998,Noord-Brabant,CU,Centre,NA,NA
1998,Noord-Brabant,GL,Left-Wing,6.66,82185
1998,Noord-Brabant,SGP,Right-Wing,0.44,5450
1998,Noord-Brabant,PvdD,Left-Wing,NA,NA
1998,Noord-Brabant,50PLUS,Centre,NA,NA
2002,Noord-Brabant,VVD,Centre-Right,15.9,220213
2002,Noord-Brabant,PvdA,Centre-Left,11.81,163624
2002,Noord-Brabant,PVV,Right-Wing,NA,NA
2002,Noord-Brabant,SP,Left-Wing,7.08,98033
2002,Noord-Brabant,CDA,Centre,32.54,450606
2002,Noord-Brabant,D66,Centre,5.01,69395
2002,Noord-Brabant,CU,Centre,0.7,9642
2002,Noord-Brabant,GL,Left-Wing,6.42,88914
2002,Noord-Brabant,SGP,Right-Wing,0.42,5812
2002,Noord-Brabant,PvdD,Left-Wing,NA,NA
2002,Noord-Brabant,50PLUS,Centre,NA,NA
2003,Noord-Brabant,VVD,Centre-Right,18.25,257040
2003,Noord-Brabant,PvdA,Centre-Left,23.57,332005
2003,Noord-Brabant,PVV,Right-Wing,NA,NA
2003,Noord-Brabant,SP,Left-Wing,8.45,119011
2003,Noord-Brabant,CDA,Centre,33.91,477654
2003,Noord-Brabant,D66,Centre,3.64,51218
2003,Noord-Brabant,CU,Centre,0.58,8143
2003,Noord-Brabant,GL,Left-Wing,4.25,59811
2003,Noord-Brabant,SGP,Right-Wing,0.36,5104
2003,Noord-Brabant,PvdD,Left-Wing,0.42,5962
2003,Noord-Brabant,50PLUS,Centre,NA,NA
2006,Noord-Brabant,VVD,Centre-Right,14.49,207531
2006,Noord-Brabant,PvdA,Centre-Left,17.84,255525
2006,Noord-Brabant,PVV,Right-Wing,6.16,88205
2006,Noord-Brabant,SP,Left-Wing,20.38,291979
2006,Noord-Brabant,CDA,Centre,31.84,456136
2006,Noord-Brabant,D66,Centre,1.57,22522
2006,Noord-Brabant,CU,Centre,1.52,21718
2006,Noord-Brabant,GL,Left-Wing,3.36,48160
2006,Noord-Brabant,SGP,Right-Wing,0.36,5219
2006,Noord-Brabant,PvdD,Left-Wing,1.38,19812
2006,Noord-Brabant,50PLUS,Centre,NA,NA
2010,Noord-Brabant,VVD,Centre-Right,21.01,287483
2010,Noord-Brabant,PvdA,Centre-Left,16.1,220265
2010,Noord-Brabant,PVV,Right-Wing,17.41,238185
2010,Noord-Brabant,SP,Left-Wing,13.43,183720
2010,Noord-Brabant,CDA,Centre,16.22,221959
2010,Noord-Brabant,D66,Centre,6.55,89594
2010,Noord-Brabant,CU,Centre,1.01,13842
2010,Noord-Brabant,GL,Left-Wing,5.53,75610
2010,Noord-Brabant,SGP,Right-Wing,0.38,5178
2010,Noord-Brabant,PvdD,Left-Wing,1.09,14868
2010,Noord-Brabant,50PLUS,Centre,NA,NA
2012,Noord-Brabant,VVD,Centre-Right,28.75,392416
2012,Noord-Brabant,PvdA,Centre-Left,21.46,292908
2012,Noord-Brabant,PVV,Right-Wing,11.03,150583
2012,Noord-Brabant,SP,Left-Wing,13.79,188133
2012,Noord-Brabant,CDA,Centre,9.08,123921
2012,Noord-Brabant,D66,Centre,7.83,106856
2012,Noord-Brabant,CU,Centre,0.91,12451
2012,Noord-Brabant,GL,Left-Wing,1.81,24692
2012,Noord-Brabant,SGP,Right-Wing,0.47,6370
2012,Noord-Brabant,PvdD,Left-Wing,1.55,21202
2012,Noord-Brabant,50PLUS,Centre,2.41,32912
1994,Limburg,VVD,Centre-Right,14.76,92573
1994,Limburg,PvdA,Centre-Left,24.48,153504
1994,Limburg,PVV,Right-Wing,NA,NA
1994,Limburg,SP,Left-Wing,2.21,13847
1994,Limburg,CDA,Centre,28.88,181084
1994,Limburg,D66,Centre,14.51,90986
1994,Limburg,CU,Centre,NA,NA
1994,Limburg,GL,Left-Wing,3.21,20131
1994,Limburg,SGP,Right-Wing,0.13,802
1994,Limburg,PvdD,Left-Wing,NA,NA
1994,Limburg,50PLUS,Centre,NA,NA
1998,Limburg,VVD,Centre-Right,21.28,124812
1998,Limburg,PvdA,Centre-Left,29.88,175277
1998,Limburg,PVV,Right-Wing,NA,NA
1998,Limburg,SP,Left-Wing,4.98,29183
1998,Limburg,CDA,Centre,24.31,142627
1998,Limburg,D66,Centre,7.37,43246
1998,Limburg,CU,Centre,NA,NA
1998,Limburg,GL,Left-Wing,7.46,43757
1998,Limburg,SGP,Right-Wing,0.04,250
1998,Limburg,PvdD,Left-Wing,NA,NA
1998,Limburg,50PLUS,Centre,NA,NA
2002,Limburg,VVD,Centre-Right,12.33,78545
2002,Limburg,PvdA,Centre-Left,12.38,78823
2002,Limburg,PVV,Right-Wing,NA,NA
2002,Limburg,SP,Left-Wing,5.75,36637
2002,Limburg,CDA,Centre,36.67,233538
2002,Limburg,D66,Centre,4.12,26222
2002,Limburg,CU,Centre,0.38,2434
2002,Limburg,GL,Left-Wing,6.77,43108
2002,Limburg,SGP,Right-Wing,0.07,464
2002,Limburg,PvdD,Left-Wing,NA,NA
2002,Limburg,50PLUS,Centre,NA,NA
2003,Limburg,VVD,Centre-Right,14.1,91793
2003,Limburg,PvdA,Centre-Left,26.64,173484
2003,Limburg,PVV,Right-Wing,NA,NA
2003,Limburg,SP,Left-Wing,7.24,47116
2003,Limburg,CDA,Centre,37.52,244319
2003,Limburg,D66,Centre,2.92,19039
2003,Limburg,CU,Centre,0.33,2172
2003,Limburg,GL,Left-Wing,4.46,29060
2003,Limburg,SGP,Right-Wing,0.05,311
2003,Limburg,PvdD,Left-Wing,0.6,3935
2003,Limburg,50PLUS,Centre,NA,NA
2006,Limburg,VVD,Centre-Right,10.8,72746
2006,Limburg,PvdA,Centre-Left,20.29,136665
2006,Limburg,PVV,Right-Wing,11.53,77614
2006,Limburg,SP,Left-Wing,20.56,138476
2006,Limburg,CDA,Centre,28.58,192478
2006,Limburg,D66,Centre,1.12,7556
2006,Limburg,CU,Centre,1.15,7776
2006,Limburg,GL,Left-Wing,3.4,22869
2006,Limburg,SGP,Right-Wing,0.07,438
2006,Limburg,PvdD,Left-Wing,1.51,10200
2006,Limburg,50PLUS,Centre,NA,NA
2010,Limburg,VVD,Centre-Right,15.49,98163
2010,Limburg,PvdA,Centre-Left,15.6,98862
2010,Limburg,PVV,Right-Wing,26.79,169814
2010,Limburg,SP,Left-Wing,12.92,81930
2010,Limburg,CDA,Centre,15.98,101312
2010,Limburg,D66,Centre,4.66,29566
2010,Limburg,CU,Centre,0.63,3975
2010,Limburg,GL,Left-Wing,5.25,33284
2010,Limburg,SGP,Right-Wing,0.06,400
2010,Limburg,PvdD,Left-Wing,1.33,8429
2010,Limburg,50PLUS,Centre,NA,NA
2012,Limburg,VVD,Centre-Right,22.66,139676
2012,Limburg,PvdA,Centre-Left,21.83,134588
2012,Limburg,PVV,Right-Wing,17.72,109210
2012,Limburg,SP,Left-Wing,14.36,88503
2012,Limburg,CDA,Centre,9.67,59595
2012,Limburg,D66,Centre,6.32,38934
2012,Limburg,CU,Centre,0.53,3263
2012,Limburg,GL,Left-Wing,1.83,11305
2012,Limburg,SGP,Right-Wing,0.1,589
2012,Limburg,PvdD,Left-Wing,1.8,11120
2012,Limburg,50PLUS,Centre,2.16,13334
1994,NOP/ZIJP/Unspecified,VVD,Centre-Right,NA,NA
1994,NOP/ZIJP/Unspecified,PvdA,Centre-Left,NA,NA
1994,NOP/ZIJP/Unspecified,PVV,Right-Wing,NA,NA
1994,NOP/ZIJP/Unspecified,SP,Left-Wing,NA,NA
1994,NOP/ZIJP/Unspecified,CDA,Centre,NA,NA
1994,NOP/ZIJP/Unspecified,D66,Centre,NA,NA
1994,NOP/ZIJP/Unspecified,CU,Centre,NA,NA
1994,NOP/ZIJP/Unspecified,GL,Left-Wing,NA,NA
1994,NOP/ZIJP/Unspecified,SGP,Right-Wing,NA,NA
1994,NOP/ZIJP/Unspecified,PvdD,Left-Wing,NA,NA
1994,NOP/ZIJP/Unspecified,50PLUS,Centre,NA,NA
1998,NOP/ZIJP/Unspecified,VVD,Centre-Right,NA,NA
1998,NOP/ZIJP/Unspecified,PvdA,Centre-Left,NA,NA
1998,NOP/ZIJP/Unspecified,PVV,Right-Wing,NA,NA
1998,NOP/ZIJP/Unspecified,SP,Left-Wing,NA,NA
1998,NOP/ZIJP/Unspecified,CDA,Centre,NA,NA
1998,NOP/ZIJP/Unspecified,D66,Centre,NA,NA
1998,NOP/ZIJP/Unspecified,CU,Centre,NA,NA
1998,NOP/ZIJP/Unspecified,GL,Left-Wing,NA,NA
1998,NOP/ZIJP/Unspecified,SGP,Right-Wing,NA,NA
1998,NOP/ZIJP/Unspecified,PvdD,Left-Wing,NA,NA
1998,NOP/ZIJP/Unspecified,50PLUS,Centre,NA,NA
2002,NOP/ZIJP/Unspecified,VVD,Centre-Right,NA,NA
2002,NOP/ZIJP/Unspecified,PvdA,Centre-Left,NA,NA
2002,NOP/ZIJP/Unspecified,PVV,Right-Wing,NA,NA
2002,NOP/ZIJP/Unspecified,SP,Left-Wing,NA,NA
2002,NOP/ZIJP/Unspecified,CDA,Centre,NA,NA
2002,NOP/ZIJP/Unspecified,D66,Centre,NA,NA
2002,NOP/ZIJP/Unspecified,CU,Centre,NA,NA
2002,NOP/ZIJP/Unspecified,GL,Left-Wing,NA,NA
2002,NOP/ZIJP/Unspecified,SGP,Right-Wing,NA,NA
2002,NOP/ZIJP/Unspecified,PvdD,Left-Wing,NA,NA
2002,NOP/ZIJP/Unspecified,50PLUS,Centre,NA,NA
2003,NOP/ZIJP/Unspecified,VVD,Centre-Right,NA,NA
2003,NOP/ZIJP/Unspecified,PvdA,Centre-Left,NA,NA
2003,NOP/ZIJP/Unspecified,PVV,Right-Wing,NA,NA
2003,NOP/ZIJP/Unspecified,SP,Left-Wing,NA,NA
2003,NOP/ZIJP/Unspecified,CDA,Centre,NA,NA
2003,NOP/ZIJP/Unspecified,D66,Centre,NA,NA
2003,NOP/ZIJP/Unspecified,CU,Centre,NA,NA
2003,NOP/ZIJP/Unspecified,GL,Left-Wing,NA,NA
2003,NOP/ZIJP/Unspecified,SGP,Right-Wing,NA,NA
2003,NOP/ZIJP/Unspecified,PvdD,Left-Wing,NA,NA
2003,NOP/ZIJP/Unspecified,50PLUS,Centre,NA,NA
2006,NOP/ZIJP/Unspecified,VVD,Centre-Right,NA,NA
2006,NOP/ZIJP/Unspecified,PvdA,Centre-Left,NA,NA
2006,NOP/ZIJP/Unspecified,PVV,Right-Wing,NA,NA
2006,NOP/ZIJP/Unspecified,SP,Left-Wing,NA,NA
2006,NOP/ZIJP/Unspecified,CDA,Centre,NA,NA
2006,NOP/ZIJP/Unspecified,D66,Centre,NA,NA
2006,NOP/ZIJP/Unspecified,CU,Centre,NA,NA
2006,NOP/ZIJP/Unspecified,GL,Left-Wing,NA,NA
2006,NOP/ZIJP/Unspecified,SGP,Right-Wing,NA,NA
2006,NOP/ZIJP/Unspecified,PvdD,Left-Wing,NA,NA
2006,NOP/ZIJP/Unspecified,50PLUS,Centre,NA,NA
2010,NOP/ZIJP/Unspecified,VVD,Centre-Right,NA,NA
2010,NOP/ZIJP/Unspecified,PvdA,Centre-Left,NA,NA
2010,NOP/ZIJP/Unspecified,PVV,Right-Wing,NA,NA
2010,NOP/ZIJP/Unspecified,SP,Left-Wing,NA,NA
2010,NOP/ZIJP/Unspecified,CDA,Centre,NA,NA
2010,NOP/ZIJP/Unspecified,D66,Centre,NA,NA
2010,NOP/ZIJP/Unspecified,CU,Centre,NA,NA
2010,NOP/ZIJP/Unspecified,GL,Left-Wing,NA,NA
2010,NOP/ZIJP/Unspecified,SGP,Right-Wing,NA,NA
2010,NOP/ZIJP/Unspecified,PvdD,Left-Wing,NA,NA
2010,NOP/ZIJP/Unspecified,50PLUS,Centre,NA,NA
2012,NOP/ZIJP/Unspecified,VVD,Centre-Right,18.23,480
2012,NOP/ZIJP/Unspecified,PvdA,Centre-Left,24,632
2012,NOP/ZIJP/Unspecified,PVV,Right-Wing,2.85,75
2012,NOP/ZIJP/Unspecified,SP,Left-Wing,7.52,198
2012,NOP/ZIJP/Unspecified,CDA,Centre,16.26,428
2012,NOP/ZIJP/Unspecified,D66,Centre,16.75,441
2012,NOP/ZIJP/Unspecified,CU,Centre,4.44,117
2012,NOP/ZIJP/Unspecified,GL,Left-Wing,2.58,68
2012,NOP/ZIJP/Unspecified,SGP,Right-Wing,0.42,11
2012,NOP/ZIJP/Unspecified,PvdD,Left-Wing,2.43,64
2012,NOP/ZIJP/Unspecified,50PLUS,Centre,2.01,53